group,horizon_step,subset,RMSE,MAE,R2,CP,PINW,MPIW,Reliability,CWC,n_samples,n_elements,CRPS
Ankara,1,all_hours,46.309417724609375,27.523094177246094,0.9728320022667856,0.9316045747933417,0.173380509018898,176.67994689941406,0.018395425206658267,0.6083430495356825,8831,8831,
Ankara,2,all_hours,48.042503356933594,28.048137664794922,0.9707604809925416,0.9232250028309364,0.17352792620658875,176.83016967773438,0.026774997169063508,0.8354106612507458,8831,8831,
Ankara,3,all_hours,51.637264251708984,29.5981388092041,0.9662211060292943,0.918808741931831,0.1734389364719391,176.73948669433594,0.031191258068168914,0.9984431467389658,8831,8831,
Ankara,4,all_hours,55.63201141357422,31.47750473022461,0.9607925579801078,0.91314686898426,0.17247743904590607,175.7596893310547,0.03685313101573995,1.2613771115192165,8831,8831,
Ankara,5,all_hours,58.89373779296875,33.134891510009766,0.9560602884271472,0.908843845544106,0.17159171402454376,174.85711669921875,0.041156154455893934,1.5149468845468963,8831,8831,
Ankara,6,all_hours,62.063819885253906,34.97574996948242,0.9512044248169509,0.9072585211187861,0.1717383861541748,175.00657653808594,0.042741478881213824,1.627153225951796,8831,8831,
Ankara,7,all_hours,64.18788146972656,36.285194396972656,0.9478087521632282,0.8989921866153323,0.17109353840351105,174.34945678710938,0.051007813384667644,2.363162447903033,8831,8831,
Ankara,8,all_hours,65.10441589355469,36.72910690307617,0.9463038354743598,0.8996716113690408,0.1706678420305252,173.9156494140625,0.05032838863095912,2.2842482300803506,8831,8831,
Ankara,9,all_hours,66.03148651123047,37.43454360961914,0.9447530374653618,0.9000113237458951,0.17091991007328033,174.17251586914062,0.04998867625410486,2.2519720833823618,8831,8831,
Ankara,10,all_hours,66.65266418457031,37.831085205078125,0.9436927948462472,0.8987657116974295,0.1711610108613968,174.418212890625,0.051234288302570485,2.3890677341530173,8831,8831,
Ankara,11,all_hours,68.3292007446289,39.279781341552734,0.9408029963059226,0.8963877250594496,0.17028690874576569,173.52748107910156,0.05361227494055032,2.6554621608248254,8831,8831,
Ankara,12,all_hours,69.69698333740234,40.32296371459961,0.9383937610173663,0.895142113010984,0.16977666318416595,173.0075225830078,0.05485788698901595,2.8067265354811677,8831,8831,
Ankara,13,all_hours,70.36499786376953,40.6901741027832,0.9371972514376123,0.8950288755520326,0.17081637680530548,174.0670166015625,0.05497112444796737,2.838979063214283,8831,8831,
Ankara,14,all_hours,70.72587585449219,40.99204635620117,0.9365453680178039,0.8898199524402672,0.1714472621679306,174.7099151611328,0.06018004755973272,3.64619821811422,8831,8831,
Ankara,15,all_hours,69.5296401977539,39.82025909423828,0.9386728658777576,0.8924244139961499,0.1715599000453949,174.82469177246094,0.05757558600385004,3.2240463812680296,8831,8831,
Ankara,16,all_hours,68.53011322021484,38.719295501708984,0.9404234537889206,0.8977465745668667,0.17167924344539642,174.94630432128906,0.05225342543313327,2.5125988929642666,8831,8831,
Ankara,17,all_hours,68.1571273803711,38.26837921142578,0.9410692178668484,0.9042011097270978,0.17235112190246582,175.63096618652344,0.04579889027290218,1.8742132772222322,8831,8831,
Ankara,18,all_hours,68.38304138183594,38.30927276611328,0.9406772366983284,0.9062393839882233,0.17261263728141785,175.8974609375,0.04376061601177661,1.711909169395703,8831,8831,
Ankara,19,all_hours,68.64704132080078,38.56839370727539,0.9402183091321873,0.9044275846450006,0.1727791428565979,176.067138671875,0.04557241535499934,1.8596574019045047,8831,8831,
Ankara,20,all_hours,68.83291625976562,38.572147369384766,0.9398941323384392,0.9012569357943607,0.1725606918334961,175.8445281982422,0.04874306420563923,2.146728492115239,8831,8831,
Ankara,21,all_hours,69.72579956054688,39.33391189575195,0.9383246521704071,0.8995583739100894,0.17175370454788208,175.02218627929688,0.05044162608991054,2.310858722834437,8831,8831,
Ankara,22,all_hours,70.10208129882812,39.398338317871094,0.9376571987791796,0.8989921866153323,0.17169713973999023,174.96453857421875,0.051007813384667644,2.3714994548127133,8831,8831,
Ankara,23,all_hours,70.52814483642578,39.034305572509766,0.9368970876977384,0.8978598120258181,0.17186954617500305,175.14022827148438,0.05214018797418185,2.5021528651194664,8831,8831,
Ankara,24,all_hours,72.441162109375,39.883968353271484,0.9334274155717152,0.8920847016192957,0.17039047181606293,173.6330108642578,0.057915298380704305,3.2540046277604717,8831,8831,
Antalya,1,all_hours,47.280330657958984,27.697309494018555,0.9727845640969908,0.9279809761068961,0.18235139548778534,186.69683837890625,0.02201902389310384,0.7306865877552148,8831,8831,
Antalya,2,all_hours,48.257930755615234,28.116422653198242,0.971647480192525,0.9241309025025478,0.1829601526260376,187.32009887695312,0.025869097497452143,0.8499156071015893,8831,8831,
Antalya,3,all_hours,50.588748931884766,29.134838104248047,0.9688425386628183,0.9263956516815762,0.18396803736686707,188.3520050048828,0.02360434831842373,0.7827990535746157,8831,8831,
Antalya,4,all_hours,54.190521240234375,30.57726287841797,0.9642479545125009,0.9168837051296569,0.18390122056007385,188.28358459472656,0.033116294870343066,1.147055409581115,8831,8831,
Antalya,5,all_hours,56.696678161621094,31.39927864074707,0.9608646286532813,0.9163175178348998,0.18361584842205048,187.99142456054688,0.03368248216510017,1.1728884261662629,8831,8831,
Antalya,6,all_hours,59.1639404296875,32.5694694519043,0.9573856112497701,0.9165439927528026,0.1841198056936264,188.50738525390625,0.03345600724719733,1.164937912215121,8831,8831,
Antalya,7,all_hours,60.67717742919922,33.50313186645508,0.9551787964368927,0.910995357264183,0.18399493396282196,188.37953186035156,0.03900464273581694,1.4775380853044309,8831,8831,
Antalya,8,all_hours,60.96587371826172,33.39384460449219,0.954747994001302,0.9137130562790171,0.18372151255607605,188.09959411621094,0.036286943720982845,1.3112330210499943,8831,8831,
Antalya,9,all_hours,61.695552825927734,33.93997573852539,0.9536525594748819,0.9114483070999887,0.18409855663776398,188.48562622070312,0.03855169290001126,1.449387631976655,8831,8831,
Antalya,10,all_hours,62.34879684448242,34.454490661621094,0.9526619382445772,0.91314686898426,0.18424561619758606,188.63619995117188,0.03685313101573995,1.3474411752341333,8831,8831,
Antalya,11,all_hours,63.90802001953125,35.72789764404297,0.950262998147432,0.9107688823462802,0.18266896903514862,187.02197265625,0.03923111765371978,1.4815150056414135,8831,8831,
Antalya,12,all_hours,65.28782653808594,36.84077453613281,0.9480946035970136,0.909636507756766,0.18230941891670227,186.6538543701172,0.04036349224323399,1.554110700960948,8831,8831,
Antalya,13,all_hours,66.4498062133789,37.65106201171875,0.9462410121955807,0.9083908957083003,0.18301036953926086,187.3715057373047,0.04160910429169962,1.6485781795278718,8831,8831,
Antalya,14,all_hours,67.74015808105469,38.421573638916016,0.9441374387080537,0.9038613973502435,0.1833827942609787,187.7528076171875,0.046138602649756444,2.0251961275619017,8831,8831,
Antalya,15,all_hours,67.16322326660156,37.404327392578125,0.9450902422924778,0.904540822103952,0.18350374698638916,187.87664794921875,0.04545917789604792,1.9649734556636744,8831,8831,
Antalya,16,all_hours,66.39855194091797,36.126739501953125,0.946334857941097,0.908843845544106,0.18338428437709808,187.75433349609375,0.041156154455893934,1.6190609894613497,8831,8831,
Antalya,17,all_hours,65.86351013183594,35.335357666015625,0.9471948347310728,0.9113350696410373,0.18382926285266876,188.2099151611328,0.03866493035896268,1.4544412277198797,8831,8831,
Antalya,18,all_hours,65.79161834716797,35.15132141113281,0.9473084887350559,0.9167704676707055,0.1836758404970169,188.05284118652344,0.03322953232929449,1.1511116577644718,8831,8831,
Antalya,19,all_hours,65.99352264404297,35.33079528808594,0.9469845790389037,0.9162042803759484,0.1840396225452423,188.42529296875,0.03379571962405159,1.1812253665758707,8831,8831,
Antalya,20,all_hours,65.61671447753906,35.00148010253906,0.9475882674743132,0.9134865813611143,0.1834489107131958,187.82049560546875,0.036513418638885686,1.3221086072829789,8831,8831,
Antalya,21,all_hours,65.94185638427734,35.6592903137207,0.9470675575372854,0.9130336315253086,0.18176805973052979,186.09959411621094,0.03696636847469137,1.3358378256673646,8831,8831,
Antalya,22,all_hours,65.94525909423828,35.717063903808594,0.9470621068293457,0.9129203940663572,0.18125607073307037,185.57540893554688,0.03707960593364279,1.3386094219902371,8831,8831,
Antalya,23,all_hours,66.04309844970703,35.53993225097656,0.9469049046414673,0.9115615445589401,0.18094965815544128,185.26168823242188,0.03843845544105984,1.4175752260777452,8831,8831,
Antalya,24,all_hours,67.96024322509766,36.923648834228516,0.9437776075568256,0.9042011097270978,0.17908042669296265,183.34791564941406,0.04579889027290218,1.947390360409202,8831,8831,
Konya,1,all_hours,47.37062454223633,28.175922393798828,0.9732921514377786,0.9340957988902729,0.17932762205600739,185.5987091064453,0.015904201109727012,0.5765214841839615,8831,8831,
Konya,2,all_hours,49.07829284667969,28.86821746826172,0.971331850490334,0.9290001132374589,0.17945753037929535,185.733154296875,0.020999886762541053,0.6922816391593749,8831,8831,
Konya,3,all_hours,52.5078125,30.21784782409668,0.9671852912406883,0.9250368021741592,0.17942649126052856,185.70103454589844,0.024963197825840777,0.8045351545606245,8831,8831,
Konya,4,all_hours,56.729393005371094,32.081947326660156,0.9616966236807016,0.9176763673423168,0.1786220520734787,184.8684539794922,0.03232363265768312,1.0777755524256645,8831,8831,
Konya,5,all_hours,60.10913848876953,33.814388275146484,0.9569967054292519,0.9143924810327256,0.1775844842195511,183.7946014404297,0.03560751896727432,1.2310309448479462,8831,8831,
Konya,6,all_hours,63.03949737548828,35.542640686035156,0.9527034103823439,0.9119012569357944,0.17768745124340057,183.9011688232422,0.038098743064205576,1.371566832619092,8831,8831,
Konya,7,all_hours,65.01288604736328,36.96924591064453,0.9496971140133733,0.9046540595629035,0.17710304260253906,183.29632568359375,0.0453459404370965,1.8867270500507665,8831,8831,
Konya,8,all_hours,65.7386474609375,37.219940185546875,0.9485624837395088,0.9071452836598347,0.1769258826971054,183.11297607421875,0.042854716340165244,1.6848160613077923,8831,8831,
Konya,9,all_hours,66.38052368164062,37.634525299072266,0.9475402083621938,0.9057864341524177,0.17788296937942505,184.10353088378906,0.04421356584758229,1.800513914412179,8831,8831,
Konya,10,all_hours,66.6786117553711,37.80843734741211,0.9470505928298748,0.9082776582493489,0.1782141625881195,184.44630432128906,0.04172234175065104,1.6134767155786558,8831,8831,
Konya,11,all_hours,68.27457427978516,39.064727783203125,0.9444600260082003,0.9065790963650776,0.17717872560024261,183.37466430664062,0.04342090363492235,1.7305830720731992,8831,8831,
Konya,12,all_hours,69.62867736816406,40.0087776184082,0.9422037029548953,0.9063526214471748,0.177056223154068,183.2478790283203,0.04364737855282519,1.747064632681414,8831,8831,
Konya,13,all_hours,70.39476013183594,40.38502883911133,0.9409017337773387,0.901596648171215,0.1777278333902359,183.94297790527344,0.04840335182878497,2.176765037485933,8831,8831,
Konya,14,all_hours,70.95189666748047,40.6089973449707,0.9399481176105299,0.8997848488279923,0.17795248329639435,184.17547607421875,0.0502151511720077,2.369304793497392,8831,8831,
Konya,15,all_hours,69.82685852050781,39.415077209472656,0.9418335318324567,0.9022760729249235,0.17826278507709503,184.4966278076172,0.047723927075076444,2.1163467867227626,8831,8831,
Konya,16,all_hours,68.80496978759766,38.187767028808594,0.9435234399398977,0.9056731966934662,0.17849460244178772,184.73655700683594,0.04432680330653371,1.815949670317676,8831,8831,
Konya,17,all_hours,68.51622772216797,37.82774353027344,0.9439952301164023,0.9098629826746688,0.17912554740905762,185.38955688476562,0.04013701732533115,1.5117929897346702,8831,8831,
Konya,18,all_hours,68.8170166015625,38.02781295776367,0.9435012460857779,0.9138262937379685,0.17922617495059967,185.49371337890625,0.036173706262031424,1.272939459338121,8831,8831,
Konya,19,all_hours,69.1514663696289,38.385379791259766,0.9429507358473115,0.9113350696410373,0.1795613318681717,185.84059143066406,0.03866493035896268,1.4206737269172973,8831,8831,
Konya,20,all_hours,69.21430206298828,38.379600524902344,0.9428470277353086,0.9073717585777376,0.1788499504327774,185.1043243408203,0.0426282414222624,1.6859751286300206,8831,8831,
Konya,21,all_hours,70.12275695800781,39.269412994384766,0.9413368816785769,0.9039746348091949,0.1772560328245163,183.4546661376953,0.04602536519080502,1.9474837305106292,8831,8831,
Konya,22,all_hours,70.60847473144531,39.55293273925781,0.9405213776075849,0.9036349224323407,0.17716793715953827,183.36349487304688,0.046365077567659285,1.9768259962107917,8831,8831,
Konya,23,all_hours,71.34660339355469,39.455482482910156,0.9392713334141389,0.9034084475144378,0.1773873120546341,183.59054565429688,0.04659155248556213,1.9997938312040962,8831,8831,
Konya,24,all_hours,73.8913803100586,40.70146179199219,0.9348619434414885,0.8974068621900124,0.17622697353363037,182.38963317871094,0.052593137809987534,2.6203207192225357,8831,8831,
Rize,1,all_hours,49.262908935546875,29.15110206604004,0.9543273386076088,0.9047672970218549,0.14358551800251007,140.85739135742188,0.04523270297814508,1.5218301337432756,8831,8831,
Rize,2,all_hours,51.48263168334961,29.851938247680664,0.9501187052815447,0.8977465745668667,0.14321091771125793,140.4899139404297,0.05225342543313327,2.095952813399658,8831,8831,
Rize,3,all_hours,57.18373489379883,32.23409652709961,0.938459466884756,0.8914052768655871,0.1436110883951187,140.88247680664062,0.05859472313441283,2.8323969754021845,8831,8831,
Rize,4,all_hours,63.59367752075195,35.177486419677734,0.9238895773701283,0.878722681463028,0.1431809663772583,140.4605255126953,0.07127731853697195,5.1973829698632334,8831,8831,
Rize,5,all_hours,68.75958251953125,37.673343658447266,0.9110219839349571,0.8679651228626429,0.14295360445976257,140.23748779296875,0.08203487713735702,8.78387060205296,8831,8831,
Rize,6,all_hours,72.36764526367188,39.74723815917969,0.901439706294742,0.8620767749971691,0.14340876042842865,140.68399047851562,0.0879232250028309,11.77942327843916,8831,8831,
Rize,7,all_hours,74.79876708984375,41.19529342651367,0.8947100858972594,0.8514324538557355,0.1432865858078003,140.56414794921875,0.09856754614426444,19.939065909879663,8831,8831,
Rize,8,all_hours,76.36094665527344,42.02267074584961,0.8902682264230467,0.8441852564828445,0.14307895302772522,140.36045837402344,0.10581474351715547,28.54277645719977,8831,8831,
Rize,9,all_hours,77.71251678466797,42.8111686706543,0.8863461799511982,0.8429396444343789,0.14374642074108124,141.01524353027344,0.1070603555656211,30.50943419955671,8831,8831,
Rize,10,all_hours,78.80260467529297,43.53013610839844,0.8831179429020083,0.8368248216510021,0.14427880942821503,141.53750610351562,0.11317517834899782,41.52235759458363,8831,8831,
Rize,11,all_hours,79.91773223876953,44.36506652832031,0.8797472404005702,0.8363718718151965,0.14363665878772736,140.90756225585938,0.1136281281848035,42.28113487930665,8831,8831,
Rize,12,all_hours,80.84270477294922,45.05091094970703,0.8768868219177703,0.838410146076322,0.14396913349628448,141.2337188720703,0.11158985392367793,38.28674364895143,8831,8831,
Rize,13,all_hours,81.76655578613281,45.77524948120117,0.8739847712291098,0.8338806477182652,0.14528998732566833,142.52947998046875,0.11611935228173476,48.42174620721482,8831,8831,
Rize,14,all_hours,82.8993148803711,46.625144958496094,0.8704457646564528,0.8271996376401314,0.14581111073493958,143.0406951904297,0.12280036235986858,67.81120366827281,8831,8831,
Rize,15,all_hours,83.36837005615234,46.54587936401367,0.8689772309021765,0.8286717246064998,0.14593087136745453,143.15818786621094,0.1213282753935001,63.06136545469964,8831,8831,
Rize,16,all_hours,83.57386779785156,46.29403305053711,0.8683355670207208,0.8312761861623825,0.14606891572475433,143.29360961914062,0.11872381383761743,55.43175029404388,8831,8831,
Rize,17,all_hours,83.7836685180664,46.15501403808594,0.8676723396785182,0.836258634356245,0.14695857465267181,144.16636657714844,0.11374136564375492,43.503766878174,8831,8831,
Rize,18,all_hours,83.90953826904297,46.216854095458984,0.8672705565077287,0.8425999320575246,0.14755772054195404,144.75411987304688,0.10740006794247536,31.852340412989026,8831,8831,
Rize,19,all_hours,84.38668823242188,46.658023834228516,0.8657559956852311,0.8410146076322047,0.14828577637672424,145.46835327148438,0.10898539236779525,34.63781139917144,8831,8831,
Rize,20,all_hours,84.65608215332031,46.9967041015625,0.8648975195874283,0.8338806477182652,0.14789055287837982,145.08062744140625,0.11611935228173476,49.28845373129465,8831,8831,
Rize,21,all_hours,84.95978546142578,47.49567794799805,0.8639264275298193,0.8294643868191598,0.14668400585651398,143.89700317382812,0.12053561318084016,60.92943409422496,8831,8831,
Rize,22,all_hours,85.08493041992188,47.399234771728516,0.8635252590050927,0.8308232363265768,0.14579902589321136,143.02883911132812,0.11917676367342311,56.59335775894871,8831,8831,
Rize,23,all_hours,85.99761199951172,47.44424819946289,0.8605817067040569,0.8282187747706942,0.14453807473182678,141.79185485839844,0.12178122522930579,63.88687350599403,8831,8831,
Rize,24,all_hours,88.45281219482422,48.20111846923828,0.8525074037559287,0.8216510021515118,0.14232701063156128,139.622802734375,0.1283489978484882,87.3089867376928,8831,8831,
Van,1,all_hours,50.29047393798828,30.000892639160156,0.9692459668908001,0.9302457252859245,0.1785399168729782,186.52957153320312,0.019754274714075426,0.6579354171792166,8831,8831,
Van,2,all_hours,52.32056427001953,30.795875549316406,0.9667129343453749,0.9265088891405276,0.17836563289165497,186.3474884033203,0.02349111085947231,0.7556823989392228,8831,8831,
Van,3,all_hours,55.318538665771484,31.667173385620117,0.962788934969367,0.9254897520099649,0.1786385327577591,186.6326141357422,0.024510247990035094,0.787065444839253,8831,8831,
Van,4,all_hours,58.87101745605469,33.06938934326172,0.9578561915850787,0.9163175178348998,0.1780444234609604,186.0119171142578,0.03368248216510017,1.1372996689305797,8831,8831,
Van,5,all_hours,61.96588134765625,34.418182373046875,0.9533087047770312,0.9156380930811913,0.17733632028102875,185.27212524414062,0.03436190691880869,1.165791589247745,8831,8831,
Van,6,all_hours,64.97604370117188,36.01192855834961,0.9486632581173043,0.9135998188200657,0.17776688933372498,185.72195434570312,0.036400181179934266,1.274928906519678,8831,8831,
Van,7,all_hours,66.91294860839844,37.32963562011719,0.9455591991179901,0.9070320462008833,0.1775681972503662,185.51437377929688,0.042967953799116665,1.699525424356641,8831,8831,
Van,8,all_hours,67.1756820678711,37.27096939086914,0.9451291839438508,0.9070320462008833,0.17767223715782166,185.62306213378906,0.042967953799116665,1.700521202151349,8831,8831,
Van,9,all_hours,67.45590209960938,37.29132843017578,0.9446617415552694,0.9086173706262032,0.17872104048728943,186.71881103515625,0.041382629373796775,1.593824078597706,8831,8831,
Van,10,all_hours,67.5013656616211,37.253570556640625,0.9445850712801525,0.9095232702978145,0.1799677014350891,188.02125549316406,0.04047672970218541,1.5418374959886565,8831,8831,
Van,11,all_hours,68.48063659667969,38.15104293823242,0.9429552138825527,0.9065790963650776,0.17926283180713654,187.2848358154297,0.04342090363492235,1.7509394602898687,8831,8831,
Van,12,all_hours,69.44100952148438,39.0092658996582,0.9413430509854287,0.9057864341524177,0.1793212592601776,187.34588623046875,0.04421356584758229,1.815072143073909,8831,8831,
Van,13,all_hours,70.20216369628906,39.488304138183594,0.9400501769541405,0.9062393839882233,0.18019244074821472,188.2560577392578,0.04376061601177661,1.7870828951517823,8831,8831,
Van,14,all_hours,70.97869110107422,39.97064208984375,0.9387203109360436,0.9017098856301664,0.18032290041446686,188.39234924316406,0.04829011436983355,2.1970976453933417,8831,8831,
Van,15,all_hours,70.17861938476562,38.85390853881836,0.9401016840631466,0.904540822103952,0.18049103021621704,188.56800842285156,0.04545917789604792,1.9327130327565603,8831,8831,
Van,16,all_hours,69.36975860595703,37.629024505615234,0.9414777889359701,0.9048805344808063,0.1804782897233963,188.5546875,0.04511946551919366,1.9030674573643707,8831,8831,
Van,17,all_hours,69.06178283691406,37.222476959228516,0.9419953040666866,0.9115615445589401,0.181174635887146,189.28219604492188,0.03843845544105984,1.4193377210287432,8831,8831,
Van,18,all_hours,69.1551742553711,37.225685119628906,0.9418362359834207,0.9158645679990941,0.18141287565231323,189.53109741210938,0.03413543200090585,1.1812047328825086,8831,8831,
Van,19,all_hours,69.67314147949219,37.683929443359375,0.9409615267909766,0.9125806816895029,0.18189950287342072,190.0395050048828,0.03741931831049705,1.363257933925988,8831,8831,
Van,20,all_hours,69.87416076660156,37.742183685302734,0.9406203663555259,0.9121277318536972,0.18171121180057526,189.84278869628906,0.037872268146302734,1.3888788331647173,8831,8831,
Van,21,all_hours,71.07666015625,38.86103439331055,0.9385589940117414,0.9095232702978145,0.18008482456207275,188.14361572265625,0.04047672970218541,1.542840925089494,8831,8831,
Van,22,all_hours,72.13579559326172,39.486419677734375,0.9367142444917202,0.9058996716113691,0.17920204997062683,187.22134399414062,0.04410032838863087,1.804636413168937,8831,8831,
Van,23,all_hours,73.57852172851562,39.96051025390625,0.9341574770051613,0.9029554976786321,0.17843836545944214,186.42347717285156,0.04704450232136781,2.053634177645211,8831,8831,
Van,24,all_hours,76.18802642822266,41.4605598449707,0.929404381051809,0.895934775223644,0.17621232569217682,184.0978240966797,0.054065224776356,2.8067693596342376,8831,8831,
Ankara,1,daylight,64.38188171386719,53.19685745239258,0.9489907914091946,0.867804771284745,0.33545687794685364,341.4884033203125,0.08219522871525498,20.77557561192646,4569,4569,
Ankara,2,daylight,66.79131317138672,54.211666107177734,0.9451014116390757,0.8516086671043992,0.33574217557907104,341.7788391113281,0.09839133289560076,46.31336862455093,4569,4569,
Ankara,3,daylight,71.78894805908203,57.207523345947266,0.9365785191298098,0.8430728824688115,0.3355698883533478,341.60345458984375,0.10692711753118844,70.75229751929035,4569,4569,
Ankara,4,daylight,77.34266662597656,60.83997344970703,0.9263861618385093,0.8321295688334428,0.33370959758758545,339.709716796875,0.11787043116655715,121.36358579176267,4569,4569,
Ankara,5,daylight,81.8772964477539,64.04338836669922,0.9175011005577595,0.8238126504705625,0.3319959342479706,337.9652404785156,0.12618734952943744,182.8292122953214,4569,4569,
Ankara,6,daylight,86.29396057128906,67.61621856689453,0.9083575578213885,0.8207092819614711,0.33235248923301697,338.32818603515625,0.12929071803852887,213.69146988987424,4568,4568,
Ankara,7,daylight,89.24726867675781,70.14766693115234,0.9020012415088753,0.8047285464098074,0.3311045169830322,337.05780029296875,0.14527145359019256,472.93210765298943,4568,4568,
Ankara,8,daylight,90.5216293334961,71.00584411621094,0.8991986215526229,0.8060420315236427,0.33028069138526917,336.2191467285156,0.14395796847635722,441.7896635309186,4568,4568,
Ankara,9,daylight,91.81062316894531,72.36962890625,0.8963045828337498,0.8066987740805605,0.33076852560043335,336.71575927734375,0.1433012259194395,428.1603017142235,4568,4568,
Ankara,10,daylight,92.67432403564453,73.13623809814453,0.8943235643827756,0.8042907180385289,0.3312351107597351,337.19073486328125,0.14570928196147104,483.58274703001393,4568,4568,
Ankara,11,daylight,95.00537872314453,75.93689727783203,0.8889043408844546,0.7996935201401051,0.3295435309410095,335.46875,0.15030647985989487,605.3590158017006,4568,4568,
Ankara,12,daylight,96.90716552734375,77.95360565185547,0.8843876457366917,0.7972854640980735,0.328556090593338,334.4635314941406,0.1527145359019264,680.7273494444056,4568,4568,
Ankara,13,daylight,97.83596801757812,78.66351318359375,0.8821517624411511,0.7970665499124343,0.33056819438934326,336.5118103027344,0.15293345008756565,692.4303928081872,4568,4568,
Ankara,14,daylight,98.3377456665039,79.24710845947266,0.8809432891967788,0.7869964973730298,0.3317890465259552,337.754638671875,0.16300350262697016,1149.6442899638034,4568,4568,
Ankara,15,daylight,96.67448425292969,76.98176574707031,0.8849424418339653,0.792031523642732,0.3320070505142212,337.9765625,0.15796847635726796,894.4383715627242,4568,4568,
Ankara,16,daylight,95.28473663330078,74.85334014892578,0.8882273247976903,0.8023204903677759,0.33223798871040344,338.2116394042969,0.1476795096322241,535.2279238616417,4568,4568,
Ankara,17,daylight,94.76614379882812,73.98162841796875,0.8894325020710047,0.8147985989492119,0.3335381746292114,339.53521728515625,0.13520140105078804,288.0777980263916,4568,4568,
Ankara,18,daylight,95.0698471069336,74.04446411132812,0.8887377865053095,0.8187787261982928,0.333971232175827,339.9760437011719,0.13122127380170712,236.45943010345835,4569,4569,
Ankara,19,daylight,95.43687438964844,74.54530334472656,0.8878770495132895,0.8152768658349748,0.3342933654785156,340.3039855957031,0.13472313416502513,281.91535702265674,4569,4569,
Ankara,20,daylight,95.69528198242188,74.55255889892578,0.8872690429804075,0.8091486101991683,0.33387067914009094,339.8736877441406,0.14085138980083167,382.3901557446671,4569,4569,
Ankara,21,daylight,96.9366226196289,76.02490234375,0.8843254201986557,0.8058656161085577,0.3323093354701996,338.2842712402344,0.14413438389144229,448.4384762485221,4569,4569,
Ankara,22,daylight,97.4597396850586,76.14942932128906,0.883073584687642,0.8047712847450208,0.33219990134239197,338.1728820800781,0.14522871525497916,473.4845282825577,4569,4569,
Ankara,23,daylight,98.05208587646484,75.4458236694336,0.8816479659754299,0.8025826220179471,0.33253347873687744,338.512451171875,0.1474173779820529,528.732845462049,4569,4569,
Ankara,24,daylight,100.711669921875,77.08805084228516,0.8751404572324699,0.7914204421098708,0.3296717405319214,335.5992431640625,0.15857955789012912,915.692068829746,4569,4569,
Antalya,1,daylight,66.08702850341797,54.11392593383789,0.9467275502092329,0.8592920353982301,0.3570103049278259,364.7610168457031,0.09070796460176989,33.65202236607257,4520,4520,
Antalya,2,daylight,67.4534912109375,54.93276596069336,0.9445017822507691,0.8517699115044248,0.35820212960243225,365.97869873046875,0.09823008849557513,49.01767871329022,4520,4520,
Antalya,3,daylight,70.71143341064453,56.922515869140625,0.9390112912169358,0.8561946902654868,0.36017540097236633,367.99481201171875,0.09380530973451318,39.57682320270657,4520,4520,
Antalya,4,daylight,75.74588775634766,59.740665435791016,0.9300176908818343,0.8376106194690266,0.36004459857940674,367.8611755371094,0.11238938053097336,99.63979792680756,4520,4520,
Antalya,5,daylight,79.24891662597656,61.34668731689453,0.9233950500539078,0.8365044247787611,0.3594858646392822,367.2903137207031,0.11349557522123888,105.12224311362682,4520,4520,
Antalya,6,daylight,82.70673370361328,63.64704513549805,0.9165562215628946,0.8369108209780926,0.36055228114128113,368.3798828125,0.1130891790219074,103.32056041556572,4519,4519,
Antalya,7,daylight,84.8221206665039,65.47160339355469,0.9122515709286909,0.826067714096039,0.3603077828884125,368.13006591796875,0.12393228590396099,177.30153624883076,4519,4519,
Antalya,8,daylight,85.22570037841797,65.25802612304688,0.9114179986670754,0.8313786235892897,0.35977232456207275,367.5829772949219,0.11862137641071024,135.83447695009656,4519,4519,
Antalya,9,daylight,86.24573516845703,66.32527923583984,0.9092752748736659,0.8269528656782474,0.3605107069015503,368.33740234375,0.12304713432175252,169.73684909624507,4519,4519,
Antalya,10,daylight,87.15892791748047,67.33074188232422,0.9073347936550551,0.8302721841115291,0.3607986867427826,368.6316223144531,0.11972781588847081,143.94988652968485,4519,4519,
Antalya,11,daylight,89.3386001586914,69.8192138671875,0.9026379595750255,0.8256251383049347,0.35771119594573975,365.47711181640625,0.12437486169506529,179.95440577789768,4519,4519,
Antalya,12,daylight,91.2674560546875,71.9939956665039,0.8983946002363912,0.8234122593494135,0.35700705647468567,364.7576904296875,0.12658774065058642,200.5711084971168,4519,4519,
Antalya,13,daylight,92.89183044433594,73.57745361328125,0.8947711697494695,0.8209780924983403,0.3583797216415405,366.16015625,0.12902190750165965,227.3545611321246,4519,4519,
Antalya,14,daylight,94.69564819335938,75.08318328857422,0.890652257963391,0.8121265766762558,0.3591090440750122,366.9053039550781,0.1378734233237442,354.44587104921885,4519,4519,
Antalya,15,daylight,93.88912963867188,73.09529113769531,0.8925082002101953,0.8134543040495685,0.3593459129333496,367.1473083496094,0.13654569595043142,331.9214016468361,4519,4519,
Antalya,16,daylight,92.82018280029297,70.59864044189453,0.8949301755195966,0.8218632440805488,0.3591119349002838,366.90826416015625,0.12813675591945117,217.97176319198195,4519,4519,
Antalya,17,daylight,92.07221984863281,69.0521240234375,0.896597285048188,0.8267315777826952,0.35998332500457764,367.798583984375,0.12326842221730472,171.37024129443145,4519,4519,
Antalya,18,daylight,91.9615478515625,68.67727661132812,0.8968550001673946,0.8373893805309734,0.35960331559181213,367.4103088378906,0.11261061946902651,100.62064656750002,4520,4520,
Antalya,19,daylight,92.24376678466797,69.0279312133789,0.896220938536719,0.8362831858407079,0.36031556129455566,368.1380310058594,0.11371681415929202,106.53286925708564,4520,4520,
Antalya,20,daylight,91.71708679199219,68.38452911376953,0.8974026743054309,0.8309734513274336,0.35915902256965637,366.95635986328125,0.11902654867256635,138.3707128252973,4520,4520,
Antalya,21,daylight,92.17156219482422,69.66973114013672,0.8963833710993128,0.8300884955752212,0.35586825013160706,363.5941467285156,0.11991150442477871,143.28951598317514,4520,4520,
Antalya,22,daylight,92.17630004882812,69.78260803222656,0.8963727011971588,0.8298672566371681,0.3548658490180969,362.57000732421875,0.12013274336283186,144.47132504378325,4520,4520,
Antalya,23,daylight,92.31306457519531,69.43653106689453,0.8960649738374163,0.827212389380531,0.354265958070755,361.95709228515625,0.12278761061946897,164.6508406652395,4520,4520,
Antalya,24,daylight,94.99278259277344,72.1399917602539,0.8899432086891376,0.8128318584070796,0.35060635209083557,358.218017578125,0.13716814159292035,334.07513587259575,4520,4520,
Konya,1,daylight,65.9077377319336,54.54220962524414,0.9484197628348374,0.8724243752740026,0.34772568941116333,359.2771301269531,0.07757562472599733,17.165559798007926,4562,4562,
Konya,2,daylight,68.28365325927734,55.88233947753906,0.944633879911744,0.8625602805786936,0.34797757863998413,359.5373840332031,0.08743971942130635,27.908068373586243,4562,4562,
Konya,3,daylight,73.05521392822266,58.49491882324219,0.9366257279627823,0.8548882069267865,0.347917377948761,359.4751892089844,0.09511179307321349,40.78710908848383,4562,4562,
Konya,4,daylight,78.92879486083984,62.1033935546875,0.9260255939308221,0.8406400701446733,0.3463574945926666,357.8634948730469,0.10935992985532661,82.4278591930985,4562,4562,
Konya,5,daylight,83.63109588623047,65.4570083618164,0.9169487528104343,0.8342832091188075,0.3443456292152405,355.7847900390625,0.11571679088119247,112.48233424104606,4562,4562,
Konya,6,daylight,87.71778106689453,68.8176040649414,0.9086296163580438,0.829423372067529,0.34462082386016846,356.0691223144531,0.12057662793247093,143.44135566609356,4561,4561,
Konya,7,daylight,90.46369934082031,71.57979583740234,0.9028445086631063,0.8153913615435212,0.34348738193511963,354.89801025390625,0.13460863845647875,288.0172360866205,4561,4561,
Konya,8,daylight,91.47357940673828,72.06517028808594,0.9006726153185134,0.8202148651611488,0.3431437909603119,354.54302978515625,0.12978513483885112,226.1434567933778,4561,4561,
Konya,9,daylight,92.36672973632812,72.86790466308594,0.8987078453122718,0.8175838631878974,0.3450000286102295,356.4609069824219,0.13241613681210251,259.28491896798556,4561,4561,
Konya,10,daylight,92.7815170288086,73.20462799072266,0.8977609483229061,0.8224073668055251,0.3456423580646515,357.12457275390625,0.1275926331944749,204.1745540942577,4561,4561,
Konya,11,daylight,95.00225830078125,75.6370620727539,0.8927524757280328,0.8191186143389607,0.34363415837287903,355.0496826171875,0.13088138566103924,239.2069773119016,4561,4561,
Konya,12,daylight,96.88644409179688,77.46493530273438,0.8883950837266521,0.8186801140100856,0.3433965742588043,354.80419921875,0.1313198859899144,244.33284811719693,4561,4561,
Konya,13,daylight,97.95243835449219,78.19342041015625,0.885887815392953,0.8094716071037054,0.3446991741657257,356.15008544921875,0.1405283928962946,388.47318876698523,4561,4561,
Konya,14,daylight,98.72766876220703,78.62705993652344,0.8840601741922176,0.8059636044727033,0.3451348543167114,356.6002197265625,0.14403639552729663,463.4713964393929,4561,4561,
Konya,15,daylight,97.1622085571289,76.3154067993164,0.8877094452799557,0.810787108090331,0.34573671221733093,357.2220764160156,0.1392128919096689,364.86042748608355,4561,4561,
Konya,16,daylight,95.74028778076172,73.93907928466797,0.8909775790096334,0.8173646130234598,0.3461863100528717,357.6866149902344,0.1326353869765402,263.04053087336786,4561,4561,
Konya,17,daylight,95.33850860595703,73.24201965332031,0.8918781393148953,0.8254768691076518,0.3474099636077881,358.950927734375,0.12452313089234812,176.0700423443838,4561,4561,
Konya,18,daylight,95.74655151367188,73.61324310302734,0.8909637417136087,0.8331871985971065,0.34752899408340454,359.0738830566406,0.11681280140289341,119.89731320577202,4562,4562,
Konya,19,daylight,96.21188354492188,74.30541229248047,0.8899013186973089,0.8283647523016221,0.34817880392074585,359.74530029296875,0.12163524769837786,152.78088962106867,4562,4562,
Konya,20,daylight,96.2992935180664,74.29422760009766,0.8897011736728024,0.8206926786497151,0.34679943323135376,358.3200988769531,0.1293073213502849,223.16526833643263,4562,4562,
Konya,21,daylight,97.56324768066406,76.01669311523438,0.886786761157759,0.814116615519509,0.34370875358581543,355.1267395019531,0.13588338448049098,307.1475522951134,4562,4562,
Konya,22,daylight,98.23905181884766,76.56552124023438,0.8852129297657731,0.8134590092064884,0.34353792667388916,354.95025634765625,0.13654099079351156,317.2452846862355,4562,4562,
Konya,23,daylight,99.26600646972656,76.37688446044922,0.8828004846744545,0.8130206049978079,0.3439633250236511,355.3897705078125,0.13697939500219203,324.67006929359553,4562,4562,
Konya,24,daylight,102.8066177368164,78.78882598876953,0.8742908565741027,0.8014028934677773,0.34171339869499207,353.0650939941406,0.1485971065322227,576.3214138763582,4562,4562,
Rize,1,daylight,68.67613220214844,56.653472900390625,0.9222227846969063,0.8149207746478874,0.27927789092063904,273.7481994628906,0.1350792253521126,239.74572214741028,4544,4544,
Rize,2,daylight,71.77059173583984,58.015506744384766,0.9150557887226451,0.8012764084507042,0.2785492241382599,273.0339660644531,0.1487235915492957,472.7697337098377,4544,4544,
Rize,3,daylight,79.71834564208984,62.64509582519531,0.8952009550560392,0.7889524647887324,0.2793276011943817,273.7969055175781,0.16104753521126758,877.7177442331254,4544,4544,
Rize,4,daylight,88.65428161621094,68.36540222167969,0.8703894945636086,0.7643045774647887,0.27849099040031433,272.97686767578125,0.1856954225352112,3000.3804582968214,4544,4544,
Rize,5,daylight,95.8559341430664,73.21595764160156,0.8484769202898722,0.7433978873239436,0.2780487537384033,272.54339599609375,0.20660211267605633,8520.066810510485,4544,4544,
Rize,6,daylight,100.89694213867188,77.26345825195312,0.8321083358964404,0.7318952234206472,0.27899548411369324,273.47137451171875,0.2181047765793528,15194.632315402527,4543,4543,
Rize,7,daylight,104.28648376464844,80.07827758789062,0.8206639327234796,0.7112040501871011,0.27875781059265137,273.2384033203125,0.23879594981289887,42718.701584766924,4543,4543,
Rize,8,daylight,106.46451568603516,81.68660736083984,0.8131267398253001,0.6971164428791548,0.27835381031036377,272.8424072265625,0.2528835571208452,86277.04118988835,4543,4543,
Rize,9,daylight,108.34891510009766,83.2193374633789,0.806487406885111,0.6946951353731015,0.27965235710144043,274.115234375,0.2553048646268985,97835.03869855384,4543,4543,
Rize,10,daylight,109.86874389648438,84.61691284179688,0.8010329788439097,0.6828087167070218,0.2806881070137024,275.1304931640625,0.26719128329297814,177913.82392196546,4543,4543,
Rize,11,daylight,111.42347717285156,86.23990631103516,0.7953287340210929,0.6819282412502752,0.2794387936592102,273.9059143066406,0.2680717587497248,185093.698036141,4543,4543,
Rize,12,daylight,112.7131118774414,87.57310485839844,0.7904818170346682,0.685890380805635,0.28008565306663513,274.5399475097656,0.26410961919436493,152180.5587587194,4543,4543,
Rize,13,daylight,114.00115966796875,88.98112487792969,0.7855595303462355,0.6770856262381686,0.2826553285121918,277.0587463378906,0.27291437376183136,238516.27574288298,4543,4543,
Rize,14,daylight,115.58048248291016,90.63320922851562,0.7795510880653577,0.6640986132511556,0.2836691439151764,278.052490234375,0.28590138674884435,458228.5015394472,4543,4543,
Rize,15,daylight,116.23445129394531,90.4791259765625,0.7770501136676161,0.6669601584855822,0.2839021682739258,278.2809143066406,0.28303984151441774,397467.00841103285,4543,4543,
Rize,16,daylight,116.52095794677734,89.98957061767578,0.775941796640147,0.6720228923618754,0.28417065739631653,278.5440673828125,0.27797710763812455,308870.0715312739,4543,4543,
Rize,17,daylight,116.8134765625,89.7193374633789,0.7747887828630549,0.6817081223860885,0.2859014868736267,280.2406311035156,0.2682918776139115,191470.18716774427,4543,4543,
Rize,18,daylight,116.98896789550781,89.83953094482422,0.7740858398578467,0.6940347787805415,0.2870670557022095,281.38311767578125,0.2559652212194584,103800.32488221006,4543,4543,
Rize,19,daylight,117.64127349853516,90.67715454101562,0.7715777034629987,0.6910211267605634,0.28842002153396606,282.7093200683594,0.2589788732394366,121249.85191907542,4544,4544,
Rize,20,daylight,118.01683044433594,91.33537292480469,0.7701169672254053,0.6771566901408451,0.28765127062797546,281.9557800292969,0.27284330985915484,241871.11577400606,4544,4544,
Rize,21,daylight,118.44021606445312,92.30509948730469,0.7684646097955138,0.6685739436619719,0.2853045165538788,279.6554870605469,0.2814260563380281,368466.619317267,4544,4544,
Rize,22,daylight,118.61467742919922,92.11766052246094,0.7677820032524196,0.6712147887323944,0.2835831940174103,277.96826171875,0.2787852112676056,320940.7165597217,4544,4544,
Rize,23,daylight,119.88702392578125,92.20514678955078,0.7627734147496303,0.6661531690140845,0.2811306416988373,275.56427001953125,0.28384683098591545,409792.59085407684,4544,4544,
Rize,24,daylight,123.30974578857422,93.67608642578125,0.7490346199948017,0.6533890845070423,0.2768300473690033,271.34881591796875,0.2966109154929577,763901.878441335,4544,4544,
Van,1,daylight,69.96251678466797,58.062217712402344,0.9398931027426097,0.8650010957703266,0.3463394045829773,360.99993896484375,0.08499890422967338,24.62527593142786,4563,4563,
Van,2,daylight,72.7867202758789,59.60078430175781,0.9349424438674993,0.8577690116151655,0.3460012972354889,360.64752197265625,0.09223098838483446,35.167558837834186,4563,4563,
Van,3,daylight,76.95740509033203,61.28705596923828,0.9272732244680698,0.8557966250273943,0.3465307354927063,361.1993713378906,0.09420337497260567,38.836011884908224,4563,4563,
Van,4,daylight,81.89949798583984,64.0008316040039,0.9176324759280745,0.8380451457374535,0.34537819027900696,359.998046875,0.11195485426254648,93.53416996121682,4563,4563,
Van,5,daylight,86.20497131347656,66.61122131347656,0.9087446880603789,0.8367302213456059,0.34400463104248047,358.56634521484375,0.11326977865439403,99.46970776662559,4563,4563,
Van,6,daylight,90.40252685546875,69.71095275878906,0.8996281003488881,0.8327487943884261,0.3449154198169708,359.51568603515625,0.11725120561157387,121.62519517992138,4562,4562,
Van,7,daylight,93.09738159179688,72.26172637939453,0.8935801569991761,0.8200350723366945,0.344529926776886,359.1138610839844,0.12996492766330547,229.10421927007945,4562,4562,
Van,8,daylight,93.46292877197266,72.1481704711914,0.892763449898032,0.8200350723366945,0.34473177790641785,359.3242492675781,0.12996492766330547,229.23844547757557,4562,4562,
Van,9,daylight,93.8528060913086,72.18758392333984,0.8918673112632872,0.8231039017974573,0.34676674008369446,361.44537353515625,0.12689609820254266,197.8395348039362,4562,4562,
Van,10,daylight,93.91606140136719,72.1144790649414,0.8917205574639537,0.8248575186321788,0.34918561577796936,363.96661376953125,0.12514248136782113,182.52503401390547,4562,4562,
Van,11,daylight,95.27852630615234,73.85179138183594,0.8885341496384566,0.8191582639193337,0.34781792759895325,362.5410461425781,0.1308417360806663,241.64050634068317,4562,4562,
Van,12,daylight,96.61473083496094,75.51310729980469,0.8853836856642766,0.8176238491889523,0.3479313552379608,362.6592712402344,0.1323761508110477,260.9663830443798,4562,4562,
Van,13,daylight,97.67373657226562,76.44041442871094,0.8828574094202447,0.8185006576063131,0.3496216833591461,364.421142578125,0.13149934239368688,251.00111611054368,4562,4562,
Van,14,daylight,98.75413513183594,77.3741226196289,0.880258506428372,0.809732573432705,0.3498747944831848,364.6849670410156,0.14026742656729496,389.198997812897,4562,4562,
Van,15,daylight,97.64098358154297,75.2123794555664,0.8829508617871377,0.81521262604121,0.3502010405063629,365.0250244140625,0.13478737395878992,296.27957074341236,4562,4562,
Van,16,daylight,96.51558685302734,72.84127044677734,0.8856247787511641,0.8158702323542306,0.35017630457878113,364.9992370605469,0.13412976764576934,286.6872964251649,4562,4562,
Van,17,daylight,96.08709716796875,72.05429077148438,0.8866133761539571,0.8288031565103025,0.3515273630619049,366.4075012207031,0.1211968434896975,150.91345069432654,4562,4562,
Van,18,daylight,96.217041015625,72.06050872802734,0.8862891699061822,0.8371328364752302,0.35198962688446045,366.88934326171875,0.11286716352476978,99.75720723795709,4562,4562,
Van,19,daylight,96.92707061767578,72.93157958984375,0.8846281507519845,0.8308130615822924,0.35285651683807373,367.79290771484375,0.11918693841770756,137.03432188165812,4563,4563,
Van,20,daylight,97.20671844482422,73.0443115234375,0.8839614615883127,0.8299364453210607,0.35249119997024536,367.4121398925781,0.12006355467893925,143.01019944713855,4563,4563,
Van,21,daylight,98.87960052490234,75.20968627929688,0.8799331673868497,0.8248959018189788,0.34933626651763916,364.1236572265625,0.1251040981810212,182.25434172178393,4563,4563,
Van,22,daylight,100.35304260253906,76.42001342773438,0.8763281933427088,0.8178829717291256,0.3476238548755646,362.3387451171875,0.13211702827087435,257.38388090818944,4563,4563,
Van,23,daylight,102.36012268066406,77.33755493164062,0.8713318074778993,0.8121849660311199,0.34614241123199463,360.79461669921875,0.13781503396888006,340.65264951565996,4563,4563,
Van,24,daylight,105.99037170410156,80.24066925048828,0.8620433987507627,0.7985974139820293,0.3418242037296295,356.2936096191406,0.15140258601797063,663.2726188735764,4563,4563,
