mode,city,season,horizon_step,n_calibration,k_cell,k_applied,fell_back,direction
city_season_horizon,Ankara,DJF,1,927,1.2388494141323503,1.2388494141323503,False,wider
city_season_horizon,Ankara,DJF,2,927,1.4174978045036974,1.4174978045036974,False,wider
city_season_horizon,Ankara,DJF,3,927,1.4401646886415242,1.4401646886415242,False,wider
city_season_horizon,Ankara,DJF,4,927,1.5198653510935132,1.5198653510935132,False,wider
city_season_horizon,Ankara,DJF,5,927,1.5707016898702006,1.5707016898702006,False,wider
city_season_horizon,Ankara,DJF,6,927,1.7013946990662365,1.7013946990662365,False,wider
city_season_horizon,Ankara,DJF,7,927,1.7076150662164393,1.7076150662164393,False,wider
city_season_horizon,Ankara,DJF,8,928,1.6077666994905264,1.6077666994905264,False,wider
city_season_horizon,Ankara,DJF,9,928,1.6116172526783161,1.6116172526783161,False,wider
city_season_horizon,Ankara,DJF,10,928,1.554313310249876,1.554313310249876,False,wider
city_season_horizon,Ankara,DJF,11,928,1.5328253169936956,1.5328253169936956,False,wider
city_season_horizon,Ankara,DJF,12,928,1.613096088722157,1.613096088722157,False,wider
city_season_horizon,Ankara,DJF,13,928,1.5659111152954888,1.5659111152954888,False,wider
city_season_horizon,Ankara,DJF,14,928,1.7294354948395012,1.7294354948395012,False,wider
city_season_horizon,Ankara,DJF,15,928,1.6103694604448837,1.6103694604448837,False,wider
city_season_horizon,Ankara,DJF,16,928,1.7053171159813056,1.7053171159813056,False,wider
city_season_horizon,Ankara,DJF,17,928,1.7547383569043433,1.7547383569043433,False,wider
city_season_horizon,Ankara,DJF,18,928,1.761342389195173,1.761342389195173,False,wider
city_season_horizon,Ankara,DJF,19,929,1.6597423507943434,1.6597423507943434,False,wider
city_season_horizon,Ankara,DJF,20,929,1.6342703142173174,1.6342703142173174,False,wider
city_season_horizon,Ankara,DJF,21,929,1.6488917612482226,1.6488917612482226,False,wider
city_season_horizon,Ankara,DJF,22,929,1.6421539777778247,1.6421539777778247,False,wider
city_season_horizon,Ankara,DJF,23,929,1.7375108961694175,1.7375108961694175,False,wider
city_season_horizon,Ankara,DJF,24,929,1.8473280977426,1.8473280977426,False,wider
city_season_horizon,Ankara,MAM,1,276,1.1501342091563733,1.1501342091563733,False,wider
city_season_horizon,Ankara,MAM,2,276,1.276369957246982,1.276369957246982,False,wider
city_season_horizon,Ankara,MAM,3,276,1.360971097494984,1.360971097494984,False,wider
city_season_horizon,Ankara,MAM,4,276,1.456188924494797,1.456188924494797,False,wider
city_season_horizon,Ankara,MAM,5,277,1.5995970191090036,1.5995970191090036,False,wider
city_season_horizon,Ankara,MAM,6,278,1.598016958501571,1.598016958501571,False,wider
city_season_horizon,Ankara,MAM,7,279,1.4641322339221585,1.4641322339221585,False,wider
city_season_horizon,Ankara,MAM,8,279,1.6999472038773156,1.6999472038773156,False,wider
city_season_horizon,Ankara,MAM,9,279,1.64842331102228,1.64842331102228,False,wider
city_season_horizon,Ankara,MAM,10,279,1.5747389517787185,1.5747389517787185,False,wider
city_season_horizon,Ankara,MAM,11,279,1.5694324057384432,1.5694324057384432,False,wider
city_season_horizon,Ankara,MAM,12,279,1.6794349061569522,1.6794349061569522,False,wider
city_season_horizon,Ankara,MAM,13,279,1.5770160736364884,1.5770160736364884,False,wider
city_season_horizon,Ankara,MAM,14,279,1.685194160881485,1.685194160881485,False,wider
city_season_horizon,Ankara,MAM,15,279,1.6675387949675884,1.6675387949675884,False,wider
city_season_horizon,Ankara,MAM,16,279,1.6866011497789608,1.6866011497789608,False,wider
city_season_horizon,Ankara,MAM,17,278,1.7580879433309335,1.7580879433309335,False,wider
city_season_horizon,Ankara,MAM,18,277,1.8606050712301208,1.8606050712301208,False,wider
city_season_horizon,Ankara,MAM,19,276,2.0093304026954324,2.0093304026954324,False,wider
city_season_horizon,Ankara,MAM,20,276,1.932340335367083,1.932340335367083,False,wider
city_season_horizon,Ankara,MAM,21,276,2.056227620547972,2.056227620547972,False,wider
city_season_horizon,Ankara,MAM,22,276,2.104730200023737,2.104730200023737,False,wider
city_season_horizon,Ankara,MAM,23,276,2.1296092711731243,2.1296092711731243,False,wider
city_season_horizon,Ankara,MAM,24,276,2.0632777087852583,2.0632777087852583,False,wider
city_season_horizon,Ankara,JJA,1,924,0.9285198881079717,0.9285198881079717,False,narrower
city_season_horizon,Ankara,JJA,2,924,1.0304929334955044,1.0304929334955044,False,wider
city_season_horizon,Ankara,JJA,3,924,1.107515860369197,1.107515860369197,False,wider
city_season_horizon,Ankara,JJA,4,924,1.0804195715534017,1.0804195715534017,False,wider
city_season_horizon,Ankara,JJA,5,924,1.1636814818220704,1.1636814818220704,False,wider
city_season_horizon,Ankara,JJA,6,924,1.1350959183048563,1.1350959183048563,False,wider
city_season_horizon,Ankara,JJA,7,925,1.0878349657701456,1.0878349657701456,False,wider
city_season_horizon,Ankara,JJA,8,926,1.1373592940254078,1.1373592940254078,False,wider
city_season_horizon,Ankara,JJA,9,927,1.0515544996987447,1.0515544996987447,False,wider
city_season_horizon,Ankara,JJA,10,927,1.1105723522407038,1.1105723522407038,False,wider
city_season_horizon,Ankara,JJA,11,927,1.0868095206577226,1.0868095206577226,False,wider
city_season_horizon,Ankara,JJA,12,927,1.0801879110024388,1.0801879110024388,False,wider
city_season_horizon,Ankara,JJA,13,927,1.0021154786146682,1.0021154786146682,False,wider
city_season_horizon,Ankara,JJA,14,927,1.126910819723775,1.126910819723775,False,wider
city_season_horizon,Ankara,JJA,15,927,1.1217985404365893,1.1217985404365893,False,wider
city_season_horizon,Ankara,JJA,16,927,1.2422185736944344,1.2422185736944344,False,wider
city_season_horizon,Ankara,JJA,17,927,1.1802121528661813,1.1802121528661813,False,wider
city_season_horizon,Ankara,JJA,18,927,1.1049018645085895,1.1049018645085895,False,wider
city_season_horizon,Ankara,JJA,19,927,1.2356436914085787,1.2356436914085787,False,wider
city_season_horizon,Ankara,JJA,20,926,1.2232491637933127,1.2232491637933127,False,wider
city_season_horizon,Ankara,JJA,21,925,1.0803991723674933,1.0803991723674933,False,wider
city_season_horizon,Ankara,JJA,22,924,1.137884793977744,1.137884793977744,False,wider
city_season_horizon,Ankara,JJA,23,923,1.0398169201373033,1.0398169201373033,False,wider
city_season_horizon,Ankara,JJA,24,922,1.1331704215278393,1.1331704215278393,False,wider
city_season_horizon,Ankara,SON,1,1039,1.165632356029846,1.165632356029846,False,wider
city_season_horizon,Ankara,SON,2,1039,1.282889361283217,1.282889361283217,False,wider
city_season_horizon,Ankara,SON,3,1039,1.307743786424666,1.307743786424666,False,wider
city_season_horizon,Ankara,SON,4,1039,1.4245215631204577,1.4245215631204577,False,wider
city_season_horizon,Ankara,SON,5,1039,1.4054808683846076,1.4054808683846076,False,wider
city_season_horizon,Ankara,SON,6,1039,1.424159064868999,1.424159064868999,False,wider
city_season_horizon,Ankara,SON,7,1038,1.3842872761051424,1.3842872761051424,False,wider
city_season_horizon,Ankara,SON,8,1037,1.4696602540709987,1.4696602540709987,False,wider
city_season_horizon,Ankara,SON,9,1037,1.463258011332936,1.463258011332936,False,wider
city_season_horizon,Ankara,SON,10,1037,1.487039523879053,1.487039523879053,False,wider
city_season_horizon,Ankara,SON,11,1037,1.425061160302837,1.425061160302837,False,wider
city_season_horizon,Ankara,SON,12,1037,1.465553540609276,1.465553540609276,False,wider
city_season_horizon,Ankara,SON,13,1037,1.3036542084662925,1.3036542084662925,False,wider
city_season_horizon,Ankara,SON,14,1037,1.4974735813118216,1.4974735813118216,False,wider
city_season_horizon,Ankara,SON,15,1037,1.3760208440938348,1.3760208440938348,False,wider
city_season_horizon,Ankara,SON,16,1037,1.4344204452528624,1.4344204452528624,False,wider
city_season_horizon,Ankara,SON,17,1037,1.347606341321519,1.347606341321519,False,wider
city_season_horizon,Ankara,SON,18,1037,1.3860230953845134,1.3860230953845134,False,wider
city_season_horizon,Ankara,SON,19,1036,1.441730400821348,1.441730400821348,False,wider
city_season_horizon,Ankara,SON,20,1036,1.4524240738969212,1.4524240738969212,False,wider
city_season_horizon,Ankara,SON,21,1036,1.3267973199432617,1.3267973199432617,False,wider
city_season_horizon,Ankara,SON,22,1036,1.4158805641978964,1.4158805641978964,False,wider
city_season_horizon,Ankara,SON,23,1036,1.3633293996842863,1.3633293996842863,False,wider
city_season_horizon,Ankara,SON,24,1036,1.4463983224686867,1.4463983224686867,False,wider
city_season_horizon,Antalya,DJF,1,936,1.1631919292836765,1.1631919292836765,False,wider
city_season_horizon,Antalya,DJF,2,936,1.2157191656291262,1.2157191656291262,False,wider
city_season_horizon,Antalya,DJF,3,936,1.2472055885881799,1.2472055885881799,False,wider
city_season_horizon,Antalya,DJF,4,936,1.3905982635974532,1.3905982635974532,False,wider
city_season_horizon,Antalya,DJF,5,936,1.4288178883991733,1.4288178883991733,False,wider
city_season_horizon,Antalya,DJF,6,936,1.534890206355641,1.534890206355641,False,wider
city_season_horizon,Antalya,DJF,7,936,1.4710995547724859,1.4710995547724859,False,wider
city_season_horizon,Antalya,DJF,8,937,1.5546779734495162,1.5546779734495162,False,wider
city_season_horizon,Antalya,DJF,9,937,1.5766241960053893,1.5766241960053893,False,wider
city_season_horizon,Antalya,DJF,10,937,1.6374774674215997,1.6374774674215997,False,wider
city_season_horizon,Antalya,DJF,11,937,1.5394156715852956,1.5394156715852956,False,wider
city_season_horizon,Antalya,DJF,12,937,1.5659973814420753,1.5659973814420753,False,wider
city_season_horizon,Antalya,DJF,13,937,1.4929569807055196,1.4929569807055196,False,wider
city_season_horizon,Antalya,DJF,14,937,1.6496263463115692,1.6496263463115692,False,wider
city_season_horizon,Antalya,DJF,15,937,1.6539140551722786,1.6539140551722786,False,wider
city_season_horizon,Antalya,DJF,16,937,1.7042442160982778,1.7042442160982778,False,wider
city_season_horizon,Antalya,DJF,17,937,1.7622155654308427,1.7622155654308427,False,wider
city_season_horizon,Antalya,DJF,18,937,1.713105833385402,1.713105833385402,False,wider
city_season_horizon,Antalya,DJF,19,938,1.7508491186682704,1.7508491186682704,False,wider
city_season_horizon,Antalya,DJF,20,938,1.7622487086388057,1.7622487086388057,False,wider
city_season_horizon,Antalya,DJF,21,938,1.7296643500154611,1.7296643500154611,False,wider
city_season_horizon,Antalya,DJF,22,938,1.6944796844887278,1.6944796844887278,False,wider
city_season_horizon,Antalya,DJF,23,938,1.7857221053437329,1.7857221053437329,False,wider
city_season_horizon,Antalya,DJF,24,938,2.0245390246333423,2.0245390246333423,False,wider
city_season_horizon,Antalya,MAM,1,276,1.1271884166423658,1.1271884166423658,False,wider
city_season_horizon,Antalya,MAM,2,276,1.1731813513267906,1.1731813513267906,False,wider
city_season_horizon,Antalya,MAM,3,276,1.2315741782690879,1.2315741782690879,False,wider
city_season_horizon,Antalya,MAM,4,276,1.3461676352514707,1.3461676352514707,False,wider
city_season_horizon,Antalya,MAM,5,277,1.5065780833664704,1.5065780833664704,False,wider
city_season_horizon,Antalya,MAM,6,278,1.4300319002381139,1.4300319002381139,False,wider
city_season_horizon,Antalya,MAM,7,279,1.4378159966644126,1.4378159966644126,False,wider
city_season_horizon,Antalya,MAM,8,279,1.4019317211058087,1.4019317211058087,False,wider
city_season_horizon,Antalya,MAM,9,279,1.5842055324149062,1.5842055324149062,False,wider
city_season_horizon,Antalya,MAM,10,279,1.5948925445718591,1.5948925445718591,False,wider
city_season_horizon,Antalya,MAM,11,279,1.6968200692896778,1.6968200692896778,False,wider
city_season_horizon,Antalya,MAM,12,279,1.7299254030534428,1.7299254030534428,False,wider
city_season_horizon,Antalya,MAM,13,279,1.6343339934104337,1.6343339934104337,False,wider
city_season_horizon,Antalya,MAM,14,279,1.5888101582533694,1.5888101582533694,False,wider
city_season_horizon,Antalya,MAM,15,279,1.6448931744931279,1.6448931744931279,False,wider
city_season_horizon,Antalya,MAM,16,279,1.56843004283735,1.56843004283735,False,wider
city_season_horizon,Antalya,MAM,17,278,1.6335481390095012,1.6335481390095012,False,wider
city_season_horizon,Antalya,MAM,18,277,1.8161771195998626,1.8161771195998626,False,wider
city_season_horizon,Antalya,MAM,19,276,1.7539053587925528,1.7539053587925528,False,wider
city_season_horizon,Antalya,MAM,20,276,1.744415890723256,1.744415890723256,False,wider
city_season_horizon,Antalya,MAM,21,276,1.5916282690325059,1.5916282690325059,False,wider
city_season_horizon,Antalya,MAM,22,276,1.388206787288147,1.388206787288147,False,wider
city_season_horizon,Antalya,MAM,23,276,1.4945119505274413,1.4945119505274413,False,wider
city_season_horizon,Antalya,MAM,24,276,1.6067506672817742,1.6067506672817742,False,wider
city_season_horizon,Antalya,JJA,1,910,0.966531862682111,0.966531862682111,False,narrower
city_season_horizon,Antalya,JJA,2,910,1.0509269656130915,1.0509269656130915,False,wider
city_season_horizon,Antalya,JJA,3,910,0.9413664919568335,0.9413664919568335,False,narrower
city_season_horizon,Antalya,JJA,4,910,1.0379211035109823,1.0379211035109823,False,wider
city_season_horizon,Antalya,JJA,5,910,1.0066520599477493,1.0066520599477493,False,wider
city_season_horizon,Antalya,JJA,6,910,1.0306560712273989,1.0306560712273989,False,wider
city_season_horizon,Antalya,JJA,7,911,1.0052867777517336,1.0052867777517336,False,wider
city_season_horizon,Antalya,JJA,8,912,1.0173935736852515,1.0173935736852515,False,wider
city_season_horizon,Antalya,JJA,9,913,1.0527098530693335,1.0527098530693335,False,wider
city_season_horizon,Antalya,JJA,10,914,1.0041404666332376,1.0041404666332376,False,wider
city_season_horizon,Antalya,JJA,11,914,0.9494341160102691,0.9494341160102691,False,narrower
city_season_horizon,Antalya,JJA,12,914,0.9670070050476355,0.9670070050476355,False,narrower
city_season_horizon,Antalya,JJA,13,914,0.9670058822386484,0.9670058822386484,False,narrower
city_season_horizon,Antalya,JJA,14,914,1.126274530752332,1.126274530752332,False,wider
city_season_horizon,Antalya,JJA,15,914,1.0940071774138307,1.0940071774138307,False,wider
city_season_horizon,Antalya,JJA,16,914,1.1236872633147577,1.1236872633147577,False,wider
city_season_horizon,Antalya,JJA,17,914,1.139526313587724,1.139526313587724,False,wider
city_season_horizon,Antalya,JJA,18,914,1.0614789869754264,1.0614789869754264,False,wider
city_season_horizon,Antalya,JJA,19,914,1.177992612702625,1.177992612702625,False,wider
city_season_horizon,Antalya,JJA,20,914,1.1726046790679394,1.1726046790679394,False,wider
city_season_horizon,Antalya,JJA,21,913,1.0666056235228834,1.0666056235228834,False,wider
city_season_horizon,Antalya,JJA,22,912,1.0598780930942158,1.0598780930942158,False,wider
city_season_horizon,Antalya,JJA,23,911,1.0702343712795848,1.0702343712795848,False,wider
city_season_horizon,Antalya,JJA,24,910,1.0327556417280561,1.0327556417280561,False,wider
city_season_horizon,Antalya,SON,1,1037,1.0942748423383406,1.0942748423383406,False,wider
city_season_horizon,Antalya,SON,2,1037,1.1414448839783715,1.1414448839783715,False,wider
city_season_horizon,Antalya,SON,3,1037,1.1339082081114793,1.1339082081114793,False,wider
city_season_horizon,Antalya,SON,4,1037,1.362833633647926,1.362833633647926,False,wider
city_season_horizon,Antalya,SON,5,1037,1.3009781767011805,1.3009781767011805,False,wider
city_season_horizon,Antalya,SON,6,1037,1.4172486232630979,1.4172486232630979,False,wider
city_season_horizon,Antalya,SON,7,1036,1.3106559703197138,1.3106559703197138,False,wider
city_season_horizon,Antalya,SON,8,1035,1.4492186363206188,1.4492186363206188,False,wider
city_season_horizon,Antalya,SON,9,1035,1.3821690512839606,1.3821690512839606,False,wider
city_season_horizon,Antalya,SON,10,1035,1.3266234286011311,1.3266234286011311,False,wider
city_season_horizon,Antalya,SON,11,1035,1.2324117006485902,1.2324117006485902,False,wider
city_season_horizon,Antalya,SON,12,1035,1.3378851545957688,1.3378851545957688,False,wider
city_season_horizon,Antalya,SON,13,1035,1.3114430234793215,1.3114430234793215,False,wider
city_season_horizon,Antalya,SON,14,1035,1.4202882400923733,1.4202882400923733,False,wider
city_season_horizon,Antalya,SON,15,1035,1.352277066317575,1.352277066317575,False,wider
city_season_horizon,Antalya,SON,16,1035,1.3455864547053837,1.3455864547053837,False,wider
city_season_horizon,Antalya,SON,17,1035,1.3426170307798908,1.3426170307798908,False,wider
city_season_horizon,Antalya,SON,18,1035,1.3913233388346231,1.3913233388346231,False,wider
city_season_horizon,Antalya,SON,19,1034,1.3677126422600523,1.3677126422600523,False,wider
city_season_horizon,Antalya,SON,20,1033,1.4178578395601378,1.4178578395601378,False,wider
city_season_horizon,Antalya,SON,21,1033,1.2932638140657218,1.2932638140657218,False,wider
city_season_horizon,Antalya,SON,22,1033,1.264707920521791,1.264707920521791,False,wider
city_season_horizon,Antalya,SON,23,1033,1.3864034973990782,1.3864034973990782,False,wider
city_season_horizon,Antalya,SON,24,1033,1.343133843616238,1.343133843616238,False,wider
city_season_horizon,Konya,DJF,1,932,1.2110894831589816,1.2110894831589816,False,wider
city_season_horizon,Konya,DJF,2,932,1.3538115596296176,1.3538115596296176,False,wider
city_season_horizon,Konya,DJF,3,932,1.2669834479926427,1.2669834479926427,False,wider
city_season_horizon,Konya,DJF,4,932,1.4673745646927652,1.4673745646927652,False,wider
city_season_horizon,Konya,DJF,5,932,1.5125632956982142,1.5125632956982142,False,wider
city_season_horizon,Konya,DJF,6,932,1.5675684240687404,1.5675684240687404,False,wider
city_season_horizon,Konya,DJF,7,932,1.6365616732012274,1.6365616732012274,False,wider
city_season_horizon,Konya,DJF,8,933,1.6744258575082172,1.6744258575082172,False,wider
city_season_horizon,Konya,DJF,9,933,1.706262924933377,1.706262924933377,False,wider
city_season_horizon,Konya,DJF,10,933,1.7784533449256883,1.7784533449256883,False,wider
city_season_horizon,Konya,DJF,11,933,1.6668909686687543,1.6668909686687543,False,wider
city_season_horizon,Konya,DJF,12,933,1.693998063294702,1.693998063294702,False,wider
city_season_horizon,Konya,DJF,13,933,1.6832214802927548,1.6832214802927548,False,wider
city_season_horizon,Konya,DJF,14,933,1.7814267472373504,1.7814267472373504,False,wider
city_season_horizon,Konya,DJF,15,933,1.7351060610308984,1.7351060610308984,False,wider
city_season_horizon,Konya,DJF,16,933,1.8158791443543598,1.8158791443543598,False,wider
city_season_horizon,Konya,DJF,17,933,1.917062377053394,1.917062377053394,False,wider
city_season_horizon,Konya,DJF,18,933,1.9033715935981128,1.9033715935981128,False,wider
city_season_horizon,Konya,DJF,19,934,1.8875767844551312,1.8875767844551312,False,wider
city_season_horizon,Konya,DJF,20,934,1.8072174718534593,1.8072174718534593,False,wider
city_season_horizon,Konya,DJF,21,934,1.7854793086903487,1.7854793086903487,False,wider
city_season_horizon,Konya,DJF,22,934,1.896667395194912,1.896667395194912,False,wider
city_season_horizon,Konya,DJF,23,934,1.8836240934798294,1.8836240934798294,False,wider
city_season_horizon,Konya,DJF,24,934,1.9939851038502368,1.9939851038502368,False,wider
city_season_horizon,Konya,MAM,1,276,1.2282671448151492,1.2282671448151492,False,wider
city_season_horizon,Konya,MAM,2,276,1.5037256564679922,1.5037256564679922,False,wider
city_season_horizon,Konya,MAM,3,276,1.4183537252015777,1.4183537252015777,False,wider
city_season_horizon,Konya,MAM,4,276,1.6256636179259252,1.6256636179259252,False,wider
city_season_horizon,Konya,MAM,5,277,1.67121769704885,1.67121769704885,False,wider
city_season_horizon,Konya,MAM,6,278,1.6237409763745358,1.6237409763745358,False,wider
city_season_horizon,Konya,MAM,7,279,1.7479400336918087,1.7479400336918087,False,wider
city_season_horizon,Konya,MAM,8,279,1.791179595030883,1.791179595030883,False,wider
city_season_horizon,Konya,MAM,9,279,1.839291120230699,1.839291120230699,False,wider
city_season_horizon,Konya,MAM,10,279,1.626089888589551,1.626089888589551,False,wider
city_season_horizon,Konya,MAM,11,279,1.7804950290289752,1.7804950290289752,False,wider
city_season_horizon,Konya,MAM,12,279,1.944193206683371,1.944193206683371,False,wider
city_season_horizon,Konya,MAM,13,279,2.182403358103366,2.182403358103366,False,wider
city_season_horizon,Konya,MAM,14,279,2.1093488669444365,2.1093488669444365,False,wider
city_season_horizon,Konya,MAM,15,279,1.9754824994981894,1.9754824994981894,False,wider
city_season_horizon,Konya,MAM,16,279,2.217389136163264,2.217389136163264,False,wider
city_season_horizon,Konya,MAM,17,278,1.9688895192647142,1.9688895192647142,False,wider
city_season_horizon,Konya,MAM,18,277,1.9859300023944113,1.9859300023944113,False,wider
city_season_horizon,Konya,MAM,19,276,1.9860879042139712,1.9860879042139712,False,wider
city_season_horizon,Konya,MAM,20,276,2.0847382950575506,2.0847382950575506,False,wider
city_season_horizon,Konya,MAM,21,276,1.985499471194521,1.985499471194521,False,wider
city_season_horizon,Konya,MAM,22,276,2.2965643651995893,2.2965643651995893,False,wider
city_season_horizon,Konya,MAM,23,276,1.8922922519884187,1.8922922519884187,False,wider
city_season_horizon,Konya,MAM,24,276,2.1637574803626527,2.1637574803626527,False,wider
city_season_horizon,Konya,JJA,1,914,0.9944276989247312,0.9944276989247312,False,narrower
city_season_horizon,Konya,JJA,2,914,1.0307282658519368,1.0307282658519368,False,wider
city_season_horizon,Konya,JJA,3,914,1.069771486037992,1.069771486037992,False,wider
city_season_horizon,Konya,JJA,4,914,1.094445040260946,1.094445040260946,False,wider
city_season_horizon,Konya,JJA,5,914,1.0853122107571063,1.0853122107571063,False,wider
city_season_horizon,Konya,JJA,6,914,1.1822818709148806,1.1822818709148806,False,wider
city_season_horizon,Konya,JJA,7,915,1.1056338201375784,1.1056338201375784,False,wider
city_season_horizon,Konya,JJA,8,916,1.102899687927113,1.102899687927113,False,wider
city_season_horizon,Konya,JJA,9,917,1.132384326926993,1.132384326926993,False,wider
city_season_horizon,Konya,JJA,10,917,1.135652437944384,1.135652437944384,False,wider
city_season_horizon,Konya,JJA,11,917,1.2291849633672636,1.2291849633672636,False,wider
city_season_horizon,Konya,JJA,12,917,1.1176169634988404,1.1176169634988404,False,wider
city_season_horizon,Konya,JJA,13,917,1.0300779747207163,1.0300779747207163,False,wider
city_season_horizon,Konya,JJA,14,917,1.1069931160840276,1.1069931160840276,False,wider
city_season_horizon,Konya,JJA,15,917,1.1622671082546088,1.1622671082546088,False,wider
city_season_horizon,Konya,JJA,16,917,1.154731345541664,1.154731345541664,False,wider
city_season_horizon,Konya,JJA,17,917,1.1948582228758442,1.1948582228758442,False,wider
city_season_horizon,Konya,JJA,18,917,1.106484292515867,1.106484292515867,False,wider
city_season_horizon,Konya,JJA,19,917,1.204451929114206,1.204451929114206,False,wider
city_season_horizon,Konya,JJA,20,916,1.2228601067304805,1.2228601067304805,False,wider
city_season_horizon,Konya,JJA,21,915,1.1407634638702906,1.1407634638702906,False,wider
city_season_horizon,Konya,JJA,22,914,1.0894234931606943,1.0894234931606943,False,wider
city_season_horizon,Konya,JJA,23,913,1.1100799990052581,1.1100799990052581,False,wider
city_season_horizon,Konya,JJA,24,912,1.0963246006953364,1.0963246006953364,False,wider
city_season_horizon,Konya,SON,1,1046,1.0893237534307878,1.0893237534307878,False,wider
city_season_horizon,Konya,SON,2,1046,1.1653104934293803,1.1653104934293803,False,wider
city_season_horizon,Konya,SON,3,1046,1.2887415529950073,1.2887415529950073,False,wider
city_season_horizon,Konya,SON,4,1046,1.3849747845559635,1.3849747845559635,False,wider
city_season_horizon,Konya,SON,5,1046,1.4004890385045485,1.4004890385045485,False,wider
city_season_horizon,Konya,SON,6,1046,1.4386065484122754,1.4386065484122754,False,wider
city_season_horizon,Konya,SON,7,1045,1.3355455197664796,1.3355455197664796,False,wider
city_season_horizon,Konya,SON,8,1044,1.3982712529422077,1.3982712529422077,False,wider
city_season_horizon,Konya,SON,9,1044,1.4648726095307738,1.4648726095307738,False,wider
city_season_horizon,Konya,SON,10,1044,1.4769530607974501,1.4769530607974501,False,wider
city_season_horizon,Konya,SON,11,1044,1.387969250839775,1.387969250839775,False,wider
city_season_horizon,Konya,SON,12,1044,1.4674686671370005,1.4674686671370005,False,wider
city_season_horizon,Konya,SON,13,1044,1.4293889345131114,1.4293889345131114,False,wider
city_season_horizon,Konya,SON,14,1044,1.441291666808315,1.441291666808315,False,wider
city_season_horizon,Konya,SON,15,1044,1.3485524502363881,1.3485524502363881,False,wider
city_season_horizon,Konya,SON,16,1044,1.4643086118841449,1.4643086118841449,False,wider
city_season_horizon,Konya,SON,17,1044,1.483676619498265,1.483676619498265,False,wider
city_season_horizon,Konya,SON,18,1044,1.3946165640679455,1.3946165640679455,False,wider
city_season_horizon,Konya,SON,19,1043,1.4079727727185298,1.4079727727185298,False,wider
city_season_horizon,Konya,SON,20,1043,1.4738011918756475,1.4738011918756475,False,wider
city_season_horizon,Konya,SON,21,1043,1.419571007892499,1.419571007892499,False,wider
city_season_horizon,Konya,SON,22,1043,1.4581520495501865,1.4581520495501865,False,wider
city_season_horizon,Konya,SON,23,1043,1.4067444484620275,1.4067444484620275,False,wider
city_season_horizon,Konya,SON,24,1043,1.4217500229576738,1.4217500229576738,False,wider
city_season_horizon,Rize,DJF,1,889,1.388187232770436,1.388187232770436,False,wider
city_season_horizon,Rize,DJF,2,889,1.5028118753928477,1.5028118753928477,False,wider
city_season_horizon,Rize,DJF,3,889,1.488775686835441,1.488775686835441,False,wider
city_season_horizon,Rize,DJF,4,889,1.6682110850721406,1.6682110850721406,False,wider
city_season_horizon,Rize,DJF,5,889,1.8423904208443624,1.8423904208443624,False,wider
city_season_horizon,Rize,DJF,6,889,1.8266552538923693,1.8266552538923693,False,wider
city_season_horizon,Rize,DJF,7,889,1.816314429236758,1.816314429236758,False,wider
city_season_horizon,Rize,DJF,8,889,1.890673288750959,1.890673288750959,False,wider
city_season_horizon,Rize,DJF,9,889,1.9212718168910448,1.9212718168910448,False,wider
city_season_horizon,Rize,DJF,10,889,1.944282935184722,1.944282935184722,False,wider
city_season_horizon,Rize,DJF,11,889,1.984478992454449,1.984478992454449,False,wider
city_season_horizon,Rize,DJF,12,889,1.9819168310327624,1.9819168310327624,False,wider
city_season_horizon,Rize,DJF,13,889,2.00691886592812,2.00691886592812,False,wider
city_season_horizon,Rize,DJF,14,889,2.0925426440513784,2.0925426440513784,False,wider
city_season_horizon,Rize,DJF,15,889,2.0683967215031855,2.0683967215031855,False,wider
city_season_horizon,Rize,DJF,16,889,2.0237174764241668,2.0237174764241668,False,wider
city_season_horizon,Rize,DJF,17,889,2.112059249937212,2.112059249937212,False,wider
city_season_horizon,Rize,DJF,18,889,2.1120823741767847,2.1120823741767847,False,wider
city_season_horizon,Rize,DJF,19,890,2.1320075597552925,2.1320075597552925,False,wider
city_season_horizon,Rize,DJF,20,890,2.154371336656148,2.154371336656148,False,wider
city_season_horizon,Rize,DJF,21,890,2.0317821276569443,2.0317821276569443,False,wider
city_season_horizon,Rize,DJF,22,890,2.140540436146445,2.140540436146445,False,wider
city_season_horizon,Rize,DJF,23,890,2.2151899395342083,2.2151899395342083,False,wider
city_season_horizon,Rize,DJF,24,890,2.447383357042363,2.447383357042363,False,wider
city_season_horizon,Rize,MAM,1,276,1.36266135739525,1.36266135739525,False,wider
city_season_horizon,Rize,MAM,2,276,1.578018485735861,1.578018485735861,False,wider
city_season_horizon,Rize,MAM,3,276,1.5867636761896042,1.5867636761896042,False,wider
city_season_horizon,Rize,MAM,4,276,1.631549551422441,1.631549551422441,False,wider
city_season_horizon,Rize,MAM,5,277,1.863200454944558,1.863200454944558,False,wider
city_season_horizon,Rize,MAM,6,278,1.9029837027985894,1.9029837027985894,False,wider
city_season_horizon,Rize,MAM,7,279,1.8903337936180427,1.8903337936180427,False,wider
city_season_horizon,Rize,MAM,8,280,1.809880414606295,1.809880414606295,False,wider
city_season_horizon,Rize,MAM,9,280,1.990743406138678,1.990743406138678,False,wider
city_season_horizon,Rize,MAM,10,280,1.8662967164516497,1.8662967164516497,False,wider
city_season_horizon,Rize,MAM,11,280,1.9116084543147043,1.9116084543147043,False,wider
city_season_horizon,Rize,MAM,12,280,1.929276529716266,1.929276529716266,False,wider
city_season_horizon,Rize,MAM,13,280,1.9208967221823758,1.9208967221823758,False,wider
city_season_horizon,Rize,MAM,14,280,2.2036906196164976,2.2036906196164976,False,wider
city_season_horizon,Rize,MAM,15,280,2.3877103189674402,2.3877103189674402,False,wider
city_season_horizon,Rize,MAM,16,280,2.382669046741473,2.382669046741473,False,wider
city_season_horizon,Rize,MAM,17,280,2.2692426403667616,2.2692426403667616,False,wider
city_season_horizon,Rize,MAM,18,279,2.1454948370784552,2.1454948370784552,False,wider
city_season_horizon,Rize,MAM,19,278,2.542142627444375,2.542142627444375,False,wider
city_season_horizon,Rize,MAM,20,278,2.535635205648331,2.535635205648331,False,wider
city_season_horizon,Rize,MAM,21,278,2.3247833544861853,2.3247833544861853,False,wider
city_season_horizon,Rize,MAM,22,278,2.5405534393533267,2.5405534393533267,False,wider
city_season_horizon,Rize,MAM,23,278,2.7435312732978834,2.7435312732978834,False,wider
city_season_horizon,Rize,MAM,24,278,3.6137965812211115,3.6137965812211115,False,wider
city_season_horizon,Rize,JJA,1,943,1.2658808917028201,1.2658808917028201,False,wider
city_season_horizon,Rize,JJA,2,943,1.4358572109147592,1.4358572109147592,False,wider
city_season_horizon,Rize,JJA,3,943,1.5363671082609285,1.5363671082609285,False,wider
city_season_horizon,Rize,JJA,4,943,1.7166465600298166,1.7166465600298166,False,wider
city_season_horizon,Rize,JJA,5,943,1.8486028430009886,1.8486028430009886,False,wider
city_season_horizon,Rize,JJA,6,943,1.8504098714850439,1.8504098714850439,False,wider
city_season_horizon,Rize,JJA,7,943,1.8086013883782024,1.8086013883782024,False,wider
city_season_horizon,Rize,JJA,8,944,1.8158082175054437,1.8158082175054437,False,wider
city_season_horizon,Rize,JJA,9,945,1.767024623009091,1.767024623009091,False,wider
city_season_horizon,Rize,JJA,10,946,1.665626747432593,1.665626747432593,False,wider
city_season_horizon,Rize,JJA,11,946,1.6984408881809623,1.6984408881809623,False,wider
city_season_horizon,Rize,JJA,12,946,1.8290677561689963,1.8290677561689963,False,wider
city_season_horizon,Rize,JJA,13,946,1.7640722010766294,1.7640722010766294,False,wider
city_season_horizon,Rize,JJA,14,946,1.7506969447103027,1.7506969447103027,False,wider
city_season_horizon,Rize,JJA,15,946,1.595322198790257,1.595322198790257,False,wider
city_season_horizon,Rize,JJA,16,946,1.7183607761740445,1.7183607761740445,False,wider
city_season_horizon,Rize,JJA,17,946,1.7500894658804642,1.7500894658804642,False,wider
city_season_horizon,Rize,JJA,18,946,1.7845577117308487,1.7845577117308487,False,wider
city_season_horizon,Rize,JJA,19,946,1.807166419996548,1.807166419996548,False,wider
city_season_horizon,Rize,JJA,20,946,1.7074461725656016,1.7074461725656016,False,wider
city_season_horizon,Rize,JJA,21,945,1.723187309351308,1.723187309351308,False,wider
city_season_horizon,Rize,JJA,22,944,1.8080686381133444,1.8080686381133444,False,wider
city_season_horizon,Rize,JJA,23,943,1.7094738342240385,1.7094738342240385,False,wider
city_season_horizon,Rize,JJA,24,942,1.8422682929711038,1.8422682929711038,False,wider
city_season_horizon,Rize,SON,1,1026,1.3590287627176496,1.3590287627176496,False,wider
city_season_horizon,Rize,SON,2,1026,1.5605599820829557,1.5605599820829557,False,wider
city_season_horizon,Rize,SON,3,1026,1.6130078028414419,1.6130078028414419,False,wider
city_season_horizon,Rize,SON,4,1026,1.7089650094146926,1.7089650094146926,False,wider
city_season_horizon,Rize,SON,5,1026,1.8981223738251656,1.8981223738251656,False,wider
city_season_horizon,Rize,SON,6,1026,1.9310312675167591,1.9310312675167591,False,wider
city_season_horizon,Rize,SON,7,1026,1.7422101892822046,1.7422101892822046,False,wider
city_season_horizon,Rize,SON,8,1025,1.8388313830805558,1.8388313830805558,False,wider
city_season_horizon,Rize,SON,9,1025,1.8592131414714295,1.8592131414714295,False,wider
city_season_horizon,Rize,SON,10,1025,1.8273521241558055,1.8273521241558055,False,wider
city_season_horizon,Rize,SON,11,1025,1.965760199488301,1.965760199488301,False,wider
city_season_horizon,Rize,SON,12,1025,1.9191796609236085,1.9191796609236085,False,wider
city_season_horizon,Rize,SON,13,1025,2.040421012762576,2.040421012762576,False,wider
city_season_horizon,Rize,SON,14,1025,2.090044521059137,2.090044521059137,False,wider
city_season_horizon,Rize,SON,15,1025,1.9756971057702648,1.9756971057702648,False,wider
city_season_horizon,Rize,SON,16,1025,2.0966124015606127,2.0966124015606127,False,wider
city_season_horizon,Rize,SON,17,1025,2.1224659117319913,2.1224659117319913,False,wider
city_season_horizon,Rize,SON,18,1025,2.0328273086608344,2.0328273086608344,False,wider
city_season_horizon,Rize,SON,19,1024,1.9538028228295639,1.9538028228295639,False,wider
city_season_horizon,Rize,SON,20,1023,1.9911242965922653,1.9911242965922653,False,wider
city_season_horizon,Rize,SON,21,1023,1.9989883070006242,1.9989883070006242,False,wider
city_season_horizon,Rize,SON,22,1023,2.0993240923765932,2.0993240923765932,False,wider
city_season_horizon,Rize,SON,23,1023,2.2720746989950014,2.2720746989950014,False,wider
city_season_horizon,Rize,SON,24,1023,2.4679006551696094,2.4679006551696094,False,wider
city_season_horizon,Van,DJF,1,932,1.1841712656623427,1.1841712656623427,False,wider
city_season_horizon,Van,DJF,2,932,1.3887892389023428,1.3887892389023428,False,wider
city_season_horizon,Van,DJF,3,932,1.4542382048521643,1.4542382048521643,False,wider
city_season_horizon,Van,DJF,4,932,1.4697568950496795,1.4697568950496795,False,wider
city_season_horizon,Van,DJF,5,932,1.5090858896821562,1.5090858896821562,False,wider
city_season_horizon,Van,DJF,6,932,1.4648752045486184,1.4648752045486184,False,wider
city_season_horizon,Van,DJF,7,932,1.4553398231882158,1.4553398231882158,False,wider
city_season_horizon,Van,DJF,8,933,1.4457578972364742,1.4457578972364742,False,wider
city_season_horizon,Van,DJF,9,933,1.405053142543298,1.405053142543298,False,wider
city_season_horizon,Van,DJF,10,933,1.4282670965238111,1.4282670965238111,False,wider
city_season_horizon,Van,DJF,11,933,1.3719019167769217,1.3719019167769217,False,wider
city_season_horizon,Van,DJF,12,933,1.331508864345082,1.331508864345082,False,wider
city_season_horizon,Van,DJF,13,933,1.3599400010171607,1.3599400010171607,False,wider
city_season_horizon,Van,DJF,14,933,1.5007198632873906,1.5007198632873906,False,wider
city_season_horizon,Van,DJF,15,933,1.4288509388394326,1.4288509388394326,False,wider
city_season_horizon,Van,DJF,16,933,1.5035968334650964,1.5035968334650964,False,wider
city_season_horizon,Van,DJF,17,933,1.55064080162672,1.55064080162672,False,wider
city_season_horizon,Van,DJF,18,933,1.4735085193931237,1.4735085193931237,False,wider
city_season_horizon,Van,DJF,19,934,1.4570878000623149,1.4570878000623149,False,wider
city_season_horizon,Van,DJF,20,934,1.5215154073714234,1.5215154073714234,False,wider
city_season_horizon,Van,DJF,21,934,1.5234594935557386,1.5234594935557386,False,wider
city_season_horizon,Van,DJF,22,934,1.4619583465347292,1.4619583465347292,False,wider
city_season_horizon,Van,DJF,23,934,1.571038547942146,1.571038547942146,False,wider
city_season_horizon,Van,DJF,24,934,1.6279310481822749,1.6279310481822749,False,wider
city_season_horizon,Van,MAM,1,276,1.4994674527849678,1.4994674527849678,False,wider
city_season_horizon,Van,MAM,2,276,1.4469076915481291,1.4469076915481291,False,wider
city_season_horizon,Van,MAM,3,276,1.6357614145278705,1.6357614145278705,False,wider
city_season_horizon,Van,MAM,4,276,1.851705232160797,1.851705232160797,False,wider
city_season_horizon,Van,MAM,5,277,1.7793498308066875,1.7793498308066875,False,wider
city_season_horizon,Van,MAM,6,278,1.8093127010290477,1.8093127010290477,False,wider
city_season_horizon,Van,MAM,7,279,1.6425653710738954,1.6425653710738954,False,wider
city_season_horizon,Van,MAM,8,279,1.6334905813158151,1.6334905813158151,False,wider
city_season_horizon,Van,MAM,9,279,1.4689446589973667,1.4689446589973667,False,wider
city_season_horizon,Van,MAM,10,279,1.4381510651037024,1.4381510651037024,False,wider
city_season_horizon,Van,MAM,11,279,1.4911826087669593,1.4911826087669593,False,wider
city_season_horizon,Van,MAM,12,279,1.5803505921472565,1.5803505921472565,False,wider
city_season_horizon,Van,MAM,13,279,1.7922616864193701,1.7922616864193701,False,wider
city_season_horizon,Van,MAM,14,279,1.651004490352833,1.651004490352833,False,wider
city_season_horizon,Van,MAM,15,279,1.5117066746411818,1.5117066746411818,False,wider
city_season_horizon,Van,MAM,16,279,1.5743224093135448,1.5743224093135448,False,wider
city_season_horizon,Van,MAM,17,278,1.5511843195985187,1.5511843195985187,False,wider
city_season_horizon,Van,MAM,18,277,1.5913048677007204,1.5913048677007204,False,wider
city_season_horizon,Van,MAM,19,276,1.6473289605930055,1.6473289605930055,False,wider
city_season_horizon,Van,MAM,20,276,1.683280256838143,1.683280256838143,False,wider
city_season_horizon,Van,MAM,21,276,1.5246050842827001,1.5246050842827001,False,wider
city_season_horizon,Van,MAM,22,276,1.4461553624316643,1.4461553624316643,False,wider
city_season_horizon,Van,MAM,23,276,1.698620829470072,1.698620829470072,False,wider
city_season_horizon,Van,MAM,24,276,1.5283426380760337,1.5283426380760337,False,wider
city_season_horizon,Van,JJA,1,934,1.0748463984463492,1.0748463984463492,False,wider
city_season_horizon,Van,JJA,2,934,1.0386039806870042,1.0386039806870042,False,wider
city_season_horizon,Van,JJA,3,934,1.0699480126101644,1.0699480126101644,False,wider
city_season_horizon,Van,JJA,4,934,1.1357945584598228,1.1357945584598228,False,wider
city_season_horizon,Van,JJA,5,934,1.186257844581014,1.186257844581014,False,wider
city_season_horizon,Van,JJA,6,934,1.1457926362748052,1.1457926362748052,False,wider
city_season_horizon,Van,JJA,7,935,1.080175258513196,1.080175258513196,False,wider
city_season_horizon,Van,JJA,8,936,1.2288872978858902,1.2288872978858902,False,wider
city_season_horizon,Van,JJA,9,937,1.1599392534114437,1.1599392534114437,False,wider
city_season_horizon,Van,JJA,10,938,1.1377199989614788,1.1377199989614788,False,wider
city_season_horizon,Van,JJA,11,938,1.0806167753515348,1.0806167753515348,False,wider
city_season_horizon,Van,JJA,12,938,1.1745398367038207,1.1745398367038207,False,wider
city_season_horizon,Van,JJA,13,938,1.1440109163340058,1.1440109163340058,False,wider
city_season_horizon,Van,JJA,14,938,1.1962373358485263,1.1962373358485263,False,wider
city_season_horizon,Van,JJA,15,938,1.2249657909395404,1.2249657909395404,False,wider
city_season_horizon,Van,JJA,16,938,1.254056791374319,1.254056791374319,False,wider
city_season_horizon,Van,JJA,17,938,1.227215584806887,1.227215584806887,False,wider
city_season_horizon,Van,JJA,18,938,1.1631977278971246,1.1631977278971246,False,wider
city_season_horizon,Van,JJA,19,938,1.361792890584589,1.361792890584589,False,wider
city_season_horizon,Van,JJA,20,938,1.2930411193587326,1.2930411193587326,False,wider
city_season_horizon,Van,JJA,21,937,1.2364182339833307,1.2364182339833307,False,wider
city_season_horizon,Van,JJA,22,936,1.2620246709685718,1.2620246709685718,False,wider
city_season_horizon,Van,JJA,23,935,1.2667138467553587,1.2667138467553587,False,wider
city_season_horizon,Van,JJA,24,934,1.210544214416323,1.210544214416323,False,wider
city_season_horizon,Van,SON,1,1029,1.1759616861879973,1.1759616861879973,False,wider
city_season_horizon,Van,SON,2,1029,1.2618745259945983,1.2618745259945983,False,wider
city_season_horizon,Van,SON,3,1029,1.305623252896767,1.305623252896767,False,wider
city_season_horizon,Van,SON,4,1029,1.4529934615466,1.4529934615466,False,wider
city_season_horizon,Van,SON,5,1029,1.4263820141033607,1.4263820141033607,False,wider
city_season_horizon,Van,SON,6,1029,1.497676736920144,1.497676736920144,False,wider
city_season_horizon,Van,SON,7,1028,1.4521096039516608,1.4521096039516608,False,wider
city_season_horizon,Van,SON,8,1027,1.6018287165058496,1.6018287165058496,False,wider
city_season_horizon,Van,SON,9,1027,1.4935964330521874,1.4935964330521874,False,wider
city_season_horizon,Van,SON,10,1027,1.5465979613280723,1.5465979613280723,False,wider
city_season_horizon,Van,SON,11,1027,1.477151391128694,1.477151391128694,False,wider
city_season_horizon,Van,SON,12,1027,1.504339610769132,1.504339610769132,False,wider
city_season_horizon,Van,SON,13,1027,1.4574565744293047,1.4574565744293047,False,wider
city_season_horizon,Van,SON,14,1027,1.4854080053933982,1.4854080053933982,False,wider
city_season_horizon,Van,SON,15,1027,1.4645965031607586,1.4645965031607586,False,wider
city_season_horizon,Van,SON,16,1027,1.5252113139785237,1.5252113139785237,False,wider
city_season_horizon,Van,SON,17,1027,1.484369074082789,1.484369074082789,False,wider
city_season_horizon,Van,SON,18,1027,1.4593412033930007,1.4593412033930007,False,wider
city_season_horizon,Van,SON,19,1026,1.5236107743437737,1.5236107743437737,False,wider
city_season_horizon,Van,SON,20,1025,1.543970656539221,1.543970656539221,False,wider
city_season_horizon,Van,SON,21,1025,1.4925185072098786,1.4925185072098786,False,wider
city_season_horizon,Van,SON,22,1025,1.4161829760351814,1.4161829760351814,False,wider
city_season_horizon,Van,SON,23,1025,1.459880950990023,1.459880950990023,False,wider
city_season_horizon,Van,SON,24,1025,1.6294983408211798,1.6294983408211798,False,wider
